section,group,name,url,description,tags,stars,last_push,line
Automation and Convention,,Ansible Lockdown,https://ansiblelockdown.io/,Curated collection of information security themed Ansible roles that are both vetted and actively maintained.,,,,67
Automation and Convention,,Clevis,https://github.com/latchset/clevis,"Plugable framework for automated decryption, often used as a Tang client.",,1263,2026-07-25,68
Automation and Convention,,DShell,https://github.com/USArmyResearchLab/Dshell,Extensible network forensic analysis framework written in Python that enables rapid development of plugins to support the dissection of network packet captures.,,5494,2024-05-07,69
Automation and Convention,,Dev-Sec.io,https://dev-sec.io/,"Server hardening framework providing Ansible, Chef, and Puppet implementations of various baseline security configurations.",,,,70
Automation and Convention,,Password Manager Resources,https://github.com/apple/password-manager-resources,"Collaborative, crowd-sourced data and code to make password management better.",,4859,2026-09-18,71
Automation and Convention,,peepdf,https://eternal-todo.com/tools/peepdf-pdf-analysis-tool,Scriptable PDF file analyzer.,,,,72
Automation and Convention,,PyREBox,https://talosintelligence.com/pyrebox,"Python-scriptable reverse engineering sandbox, based on QEMU.",,,,73
Automation and Convention,,Watchtower,https://containrrr.dev/watchtower/,"Container-based solution for automating Docker container base image updates, providing an unattended upgrade experience.",,,,74
Automation and Convention,,MultiScanner,https://github.com/mitre/multiscanner,File analysis framework written in Python that assists in evaluating a set of files by automatically running a suite of tools against them and aggregating the output.,,621,2019-10-08,78
Automation and Convention,,Posh-VirusTotal,https://github.com/darkoperator/Posh-VirusTotal,PowerShell interface to VirusTotal.com APIs.,,124,2020-01-16,79
Automation and Convention,,censys-python,https://github.com/censys/censys-python,Python wrapper to the Censys REST API.,,469,2026-08-28,80
Automation and Convention,,libcrafter,https://github.com/pellegre/libcrafter,High level C++ network packet sniffing and crafting library.,,312,2026-09-20,81
Automation and Convention,,python-dshield,https://github.com/rshipp/python-dshield,Pythonic interface to the Internet Storm Center/DShield API.,,28,2023-05-23,82
Automation and Convention,,python-sandboxapi,https://github.com/InQuest/python-sandboxapi,"Minimal, consistent Python API for building integrations with malware sandboxes.",,143,2024-01-31,83
Automation and Convention,,python-stix2,https://github.com/oasis-open/cti-python-stix2,"Python APIs for serializing and de-serializing Structured Threat Information eXpression (STIX) JSON content, plus higher-level APIs for common tasks.",,439,2026-02-12,84
Automation and Convention,,Shuffle,https://shuffler.io/,Graphical generalized workflow (automation) builder for IT professionals and blue teamers.,,,,90
Cloud platform security,,Aaia,https://github.com/rams3sh/Aaia,Helps in visualizing AWS IAM and Organizations in a graph format with help of Neo4j.,,297,2026-01-23,96
Cloud platform security,,Falco,https://falco.org/,"Behavioral activity monitor designed to detect anomalous activity in containerized applications, hosts, and network packet flows by auditing the Linux kernel and enriched by runtime data such as Kubernetes metrics.",,,,97
Cloud platform security,,Kata Containers,https://katacontainers.io/,"Secure container runtime with lightweight virtual machines that feel and perform like containers, but provide stronger workload isolation using hardware virtualization technology as a second layer of defense.",,,,98
Cloud platform security,,Principal Mapper (PMapper),https://github.com/nccgroup/PMapper,Quickly evaluate IAM permissions in AWS via script and library capable of identifying risks in the configuration of AWS Identity and Access Management (IAM) for an AWS account or an AWS organization.,,1580,2024-08-02,99
Cloud platform security,,Prowler,https://github.com/toniblyx/prowler,Tool based on AWS-CLI commands for Amazon Web Services account security assessment and hardening.,,14854,2026-09-23,100
Cloud platform security,,Scout Suite,https://github.com/nccgroup/ScoutSuite,"source multi-cloud security-auditing tool, which enables security posture assessment of cloud environments.",Open,7824,2025-09-23,101
Cloud platform security,,gVisor,https://github.com/google/gvisor,"Application kernel, written in Go, that implements a substantial portion of the Linux system surface to provide an isolation boundary between the application and the host kernel.",,19398,2026-09-23,102
Cloud platform security,,Cortex,https://cortexmetrics.io/,"Provides horizontally scalable, highly available, multi-tenant, long term storage for Prometheus.",,,,108
Cloud platform security,,Jaeger,https://www.jaegertracing.io/,Distributed tracing platform backend used for monitoring and troubleshooting microservices-based distributed systems.,,,,109
Cloud platform security,,OpenTelemetry,https://opentelemetry.io/,"Observability framework for cloud-native software, comprising a collection of tools, APIs, and SDKs for exporting application performance metrics to a tracing backend (formerly maintained by the OpenTracing and OpenCensus projects).",,,,110
Cloud platform security,,Prometheus,https://prometheus.io/,source systems monitoring and alerting toolkit originally built at SoundCloud.,Open,,,111
Cloud platform security,,Zipkin,https://zipkin.io/,Distributed tracing system backend that helps gather timing data needed to troubleshoot latency problems in service architectures.,,,,112
Cloud platform security,,KubeSec,https://kubesec.io/,"Static analyzer of Kubernetes manifests that can be run locally, as a Kuberenetes admission controller, or as its own cloud service.",,,,118
Cloud platform security,,Kyverno,https://kyverno.io/,Policy engine designed for Kubernetes.,,,,119
Cloud platform security,,Linkerd,https://linkerd.io/,"Ultra light Kubernetes-specific service mesh that adds observability, reliability, and security to Kubernetes applications without requiring any modification of the application itself.",,,,120
Cloud platform security,,Managed Kubernetes Inspection Tool (MKIT),https://github.com/darkbitio/mkit,Query and validate several common security-related configuration settings of managed Kubernetes cluster objects and the workloads/resources running inside the cluster.,,396,,121
Cloud platform security,,Polaris,https://polaris.docs.fairwinds.com/,"Validates Kubernetes best practices by running tests against code commits, a Kubernetes admission request, or live resources already running in a cluster.",,,,122
Cloud platform security,,Sealed Secrets,https://github.com/bitnami-labs/sealed-secrets,Kubernetes controller and tool for one-way encrypted Secrets.,,9286,2026-09-23,123
Cloud platform security,,certificate-expiry-monitor,https://github.com/muxinc/certificate-expiry-monitor,Utility that exposes the expiry of TLS certificates as Prometheus metrics.,,170,2022-06-08,124
Cloud platform security,,k-rail,https://github.com/cruise-automation/k-rail,Workload policy enforcement tool for Kubernetes.,,440,,125
Cloud platform security,,kube-forensics,https://github.com/keikoproj/kube-forensics,Allows a cluster administrator to dump the current state of a running pod and all its containers so that security professionals can perform off-line forensic analysis.,,234,2026-09-12,126
Cloud platform security,,kube-hunter,https://kube-hunter.aquasec.com/,"source tool that runs a set of tests (""hunters"") for security issues in Kubernetes clusters from either outside (""attacker's view"") or inside a cluster.",Open,,,127
Cloud platform security,,kubernetes-event-exporter,https://github.com/opsgenie/kubernetes-event-exporter,Allows exporting the often missed Kubernetes events to various outputs so that they can be used for observability or alerting purposes.,,1048,,128
Cloud platform security,,Consul,https://consul.io/,"Solution to connect and configure applications across dynamic, distributed infrastructure and, with Consul Connect, enabling secure service-to-service communication with automatic TLS encryption and identity-based authorization.",,,,134
Cloud platform security,,Istio,https://istio.io/,"platform for providing a uniform way to integrate microservices, manage traffic flow across microservices, enforce policies and aggregate telemetry data.",Open,,,135
Communications security (COMSEC),,GPG Sync,https://github.com/firstlookmedia/gpgsync,"Centralize and automate OpenPGP public key distribution, revocation, and updates amongst all members of an organization or team.",,348,,141
Communications security (COMSEC),,Geneva (Genetic Evasion),https://censorship.ai/,Novel experimental genetic algorithm that evolves packet-manipulation-based censorship evasion strategies against nation-state level censors to increase availability of otherwise blocked content.,,,,142
Communications security (COMSEC),,GlobaLeaks,https://www.globaleaks.org/,"Free, open source software enabling anyone to easily set up and maintain a secure whistleblowing platform.",,,,143
Communications security (COMSEC),,SecureDrop,https://securedrop.org/,source whistleblower submission system that media organizations and NGOs can install to securely accept documents from anonymous sources.,Open,,,144
Communications security (COMSEC),,Teleport,https://goteleport.com/,"Allows engineers and security professionals to unify access for SSH servers, Kubernetes clusters, web applications, and databases across all environments.",,,,145
DevSecOps,,Bane,https://github.com/genuinetools/bane,Custom and better AppArmor profile generator for Docker containers.,,1230,2020-09-17,151
DevSecOps,,BlackBox,https://github.com/StackExchange/blackbox,"Safely store secrets in Git/Mercurial/Subversion by encrypting them ""at rest"" using GnuPG.",,6767,,152
DevSecOps,,Checkov,https://www.checkov.io/,Static analysis for Terraform (infrastructure as code) to help detect CIS policy violations and prevent cloud security misconfiguration.,,,,153
DevSecOps,,Cilium,https://cilium.io/,source software for transparently securing the network connectivity between application services deployed using Linux container management platforms like Docker and Kubernetes.,Open,,,154
DevSecOps,,Clair,https://github.com/coreos/clair,"Static analysis tool to probe for vulnerabilities introduced via application container (e.g., Docker) images.",,11064,2026-09-22,155
DevSecOps,,CodeQL,https://securitylab.github.com/tools/codeql,Discover vulnerabilities across a codebase by performing queries against code as though it were data.,,,,156
DevSecOps,,DefectDojo,https://www.defectdojo.org/,Application vulnerability management tool built for DevOps and continuous security integration.,,,,157
DevSecOps,,Gauntlt,http://gauntlt.org/,Pentest applications during routine continuous integration build pipelines.,,,,158
DevSecOps,,Git Secrets,https://github.com/awslabs/git-secrets,Prevents you from committing passwords and other sensitive information to a git repository.,,13403,2025-09-17,159
DevSecOps,,SOPS,https://github.com/mozilla/sops,"Editor of encrypted files that supports YAML, JSON, ENV, INI and binary formats and encrypts with AWS KMS, GCP KMS, Azure Key Vault, and PGP.",,23194,2026-09-21,160
DevSecOps,,Snyk,https://snyk.io/,Finds and fixes vulnerabilities and license violations in open source dependencies and container images.,,,,161
DevSecOps,,SonarQube,https://sonarqube.org,Continuous inspection tool that provides detailed reports during automated testing and alerts on newly introduced security vulnerabilities.,,,,162
DevSecOps,,Trivy,https://github.com/aquasecurity/trivy,"Simple and comprehensive vulnerability scanner for containers and other artifacts, suitable for use in continuous integration pipelines.",,38035,2026-09-23,163
DevSecOps,,Vault,https://www.vaultproject.io/,"Tool for securely accessing secrets such as API keys, passwords, or certificates through a unified interface.",,,,164
DevSecOps,,git-crypt,https://www.agwa.name/projects/git-crypt/,"Transparent file encryption in git; files which you choose to protect are encrypted when committed, and decrypted when checked out.",,,,165
DevSecOps,,helm-secrets,https://github.com/jkroepke/helm-secrets,"Helm plugin that helps manage secrets with Git workflow and stores them anywhere, backed by SOPS.",,2030,2026-09-11,166
DevSecOps,,terrascan,https://runterrascan.io/,Static code analyzer for Infrastructure as Code tools that helps detect compliance and security violations to mitigate risk before provisioning cloud native resources.,,,,167
DevSecOps,,tfsec,https://aquasecurity.github.io/tfsec/,Static analysis security scanner for your Terraform code designed to run locally and in CI pipelines.,,,,168
DevSecOps,,DynInst,https://dyninst.org/dyninst,"Tools for binary instrumentation, analysis, and modification, useful for binary patching.",,,,172
DevSecOps,,DynamoRIO,https://dynamorio.org/,"Runtime code manipulation system that supports code transformations on any part of a program, while it executes, implemented as a process-level virtual machine.",,,,173
DevSecOps,,Egalito,https://egalito.org/,"Binary recompiler and instrumentation framework that can fully disassemble, transform, and regenerate ordinary Linux binaries designed for binary hardening and security research.",,,,174
DevSecOps,,Valgrind,https://www.valgrind.org/,Instrumentation framework for building dynamic analysis tools.,,,,175
DevSecOps,,Chef InSpec,https://www.chef.io/products/chef-inspec,"Language for describing security and compliance rules, which become automated tests that can be run against IT infrastructures to discover and report on non-compliance.",,,,179
DevSecOps,,OpenSCAP Base,https://www.open-scap.org/tools/openscap-base/,Both a library and a command line tool (`oscap`) used to evaluate a system against SCAP baseline profiles to report on the security posture of the scanned system(s).,,,,180
DevSecOps,,Dependency Combobulator,https://github.com/apiiro/combobulator,"source, modular and extensible framework to detect and prevent dependency confusion leakage and potential attacks.",Open,96,2024-01-10,186
DevSecOps,,Confusion checker,https://github.com/sonatype-nexus-community/repo-diff,Script to check if you have artifacts containing the same name between your repositories.,,63,,187
DevSecOps,,snync,https://github.com/snyk-labs/snync,Prevent and detect if you're vulnerable to dependency confusion supply chain security attacks.,,53,2026-07-10,188
DevSecOps,,Atheris,https://pypi.org/project/atheris/,Coverage-guided Python fuzzing engine based off of libFuzzer that supports fuzzing of Python code but also native extensions written for CPython.,,,,194
DevSecOps,,FuzzBench,https://google.github.io/fuzzbench/,"Free service that evaluates fuzzers on a wide variety of real-world benchmarks, at Google scale.",,,,195
DevSecOps,,OneFuzz,https://github.com/microsoft/onefuzz,Self-hosted Fuzzing-as-a-Service (FaaS) platform.,,2823,,196
DevSecOps,,AllStar,https://github.com/ossf/allstar,GitHub App installed on organizations or repositories to set and enforce security policies.,,1453,2026-09-19,200
DevSecOps,,Conftest,https://conftest.dev/,Utility to help you write tests against structured configuration data.,,,,201
DevSecOps,,Open Policy Agent (OPA),https://www.openpolicyagent.org/,Unified toolset and framework for policy across the cloud native stack.,,,,202
DevSecOps,,Regula,https://regula.dev/,"Checks infrastructure as code templates (Terraform, CloudFormation, K8s manifests) for AWS, Azure, Google Cloud, and Kubernetes security and compliance using Open Policy Agent/Rego.",,,,203
DevSecOps,,Tang,https://github.com/latchset/tang,Server for binding data to network presence; provides data to clients only when they are on a certain (secured) network.,,733,2025-03-06,204
DevSecOps,,Grafeas,https://grafeas.io/,artifact metadata API to audit and govern your software supply chain.,Open,,,210
DevSecOps,,Helm GPG (GnuPG) Plugin,https://github.com/technosophos/helm-gpg,Chart signing and verification with GnuPG for Helm.,,29,2020-02-20,211
DevSecOps,,Notary,https://github.com/theupdateframework/notary,Aims to make the internet more secure by making it easy for people to publish and verify content.,,3288,,212
DevSecOps,,in-toto,https://in-toto.io/,Framework to secure the integrity of software supply chains.,,,,213
Honeypots,,CanaryTokens,https://github.com/thinkst/canarytokens,Self-hostable honeytoken generator and reporting dashboard; demo version available at CanaryTokens.org.,,2166,2026-09-16,219
Honeypots,,Kushtaka,https://kushtaka.org,Sustainable all-in-one honeypot and honeytoken orchestrator for under-resourced blue teams.,,,,220
Honeypots,,Manuka,https://github.com/spaceraccoon/manuka,sources intelligence (OSINT) honeypot that monitors reconnaissance attempts by threat actors and generates actionable intelligence for Blue Teamers.,Open,349,2023-05-02,221
Honeypots,,Endlessh,https://github.com/skeeto/endlessh,SSH tarpit that slowly sends an endless banner.,,8561,2024-06-03,225
Honeypots,,LaBrea,https://labrea.sourceforge.net/labrea-info.html,"Program that answers ARP requests for unused IP space, creating the appearance of fake machines that answer further requests very slowly in order to slow down scanners, worms, etcetera.",,,,226
Host-based tools,,Artillery,https://github.com/BinaryDefense/artillery,"Combination honeypot, filesystem monitor, and alerting system designed to protect Linux and Windows operating systems.",,1041,2022-01-06,230
Host-based tools,,Crowd Inspect,https://www.crowdstrike.com/resources/community-tools/crowdinspect-tool/,Free tool for Windows systems aimed to alert you to the presence of malware that may be communicating over the network.,,,,231
Host-based tools,,Fail2ban,https://www.fail2ban.org/,Intrusion prevention software framework that protects computer servers from brute-force attacks.,,,,232
Host-based tools,,Open Source HIDS SECurity (OSSEC),https://www.ossec.net/,"Fully open source and free, feature-rich, Host-based Instrusion Detection System (HIDS).",,,,233
Host-based tools,,Rootkit Hunter (rkhunter),https://rkhunter.sourceforge.net/,POSIX-compliant Bash script that scans a host for various signs of malware.,,,,234
Host-based tools,,Shufflecake,https://shufflecake.net/,Plausible deniability for multiple hidden filesystems on Linux.,,,,235
Host-based tools,,USB Keystroke Injection Protection,https://github.com/google/ukip,Daemon for blocking USB keystroke injection devices on Linux systems.,,549,2023-07-09,236
Host-based tools,,chkrootkit,https://chkrootkit.org/,Locally checks for signs of a rootkit on GNU/Linux systems.,,,,237
Host-based tools,,Bubblewrap,https://github.com/containers/bubblewrap,Sandboxing tool for use by unprivileged Linux users capable of restricting access to parts of the operating system or user data.,,8804,2026-09-22,241
Host-based tools,,Dangerzone,https://dangerzone.rocks/,"Take potentially dangerous PDFs, office documents, or images and convert them to a safe PDF.",,,,242
Host-based tools,,Firejail,https://firejail.wordpress.com/,SUID program that reduces the risk of security breaches by restricting the running environment of untrusted applications using Linux namespaces and seccomp-bpf.,,,,243
Identity and AuthN/AuthZ,,Gluu Server,https://gluu.org/,Central authentication and authorization for Web and mobile applications with a Free and Open Source Software cloud-native community distribution.,,,,247
Incident Response tools,,LogonTracer,https://github.com/JPCERTCC/LogonTracer,Investigate malicious Windows logon by visualizing and analyzing Windows event log.,,3231,2026-08-02,253
Incident Response tools,,Volatility,https://www.volatilityfoundation.org/,Advanced memory forensics framework.,,,,254
Incident Response tools,,aws_ir,https://github.com/ThreatResponse/aws_ir,Automates your incident response with zero security preparedness assumptions.,,342,2021-07-23,255
Incident Response tools,,CIRTKit,https://github.com/opensourcesec/CIRTKit,Scriptable Digital Forensics and Incident Response (DFIR) toolkit built on Viper.,,153,2017-04-17,261
Incident Response tools,,Fast Incident Response (FIR),https://github.com/certsocietegenerale/FIR,"Cybersecurity incident management platform allowing for easy creation, tracking, and reporting of cybersecurity incidents.",,2037,2026-09-14,262
Incident Response tools,,Rekall,https://www.rekall-forensic.com/,Advanced forensic and incident response framework.,,,,263
Incident Response tools,,TheHive,https://thehive-project.org/,"Scalable, free Security Incident Response Platform designed to make life easier for SOCs, CSIRTs, and CERTs, featuring tight integration with MISP.",,,,264
Incident Response tools,,threat_note,https://github.com/defpoint/threat_note,Web application built by Defense Point Security to allow security researchers the ability to add and retrieve indicators related to their research.,,435,,265
Incident Response tools,,OSXAuditor,https://github.com/jipegit/OSXAuditor,Free macOS computer forensics tool.,,3132,2020-07-27,269
Incident Response tools,,OSXCollector,https://github.com/Yelp/osxcollector,Forensic evidence collection & analysis toolkit for macOS.,,1891,,270
Incident Response tools,,ir-rescue,https://github.com/diogo-fernan/ir-rescue,Windows Batch script and a Unix Bash script to comprehensively collect host forensic data during incident response.,,488,2021-02-21,271
Incident Response tools,,Margarita Shotgun,https://github.com/ThreatResponse/margaritashotgun,Command line utility (that works with or without Amazon EC2 instances) to parallelize remote memory acquisition.,,253,2020-09-22,272
Incident Response tools,,Untitled Goose Tool,https://github.com/cisagov/untitledgoosetool,Assists incident response teams by exporting cloud artifacts from Azure/AzureAD/M365 environments in order to run a full investigation despite lacking in logs ingested by a SIEM.,,965,2026-02-11,273
Network perimeter defenses,,Gatekeeper,https://github.com/AltraMayor/gatekeeper,First open source Distributed Denial of Service (DDoS) protection system.,,1644,2026-09-22,277
Network perimeter defenses,,fwknop,https://www.cipherdyne.org/fwknop/,Protects ports via Single Packet Authorization in your firewall.,,,,278
Network perimeter defenses,,ssh-audit,https://github.com/jtesta/ssh-audit,Simple tool that makes quick recommendations for improving an SSH server's security posture.,,4304,2026-07-09,279
Network perimeter defenses,,IPFire,https://www.ipfire.org/,Hardened GNU/Linux based router and firewall distribution forked from IPCop.,,,,285
Network perimeter defenses,,OPNsense,https://opnsense.org/,Hardened FreeBSD based firewall and routing platform forked from pfSense.,,,,286
Network perimeter defenses,,pfSense,https://www.pfsense.org/,FreeBSD firewall and router distribution forked from m0n0wall.,,,,287
Operating System distributions,,Computer Aided Investigative Environment (CAINE),https://caine-live.net/,Italian GNU/Linux live distribution that pre-packages numerous digital forensics and evidence collection tools.,,,,291
Operating System distributions,,Security Onion,https://securityonionsolutions.com/,"Free and open source GNU/Linux distribution for intrusion detection, enterprise security monitoring, and log management.",,,,292
Operating System distributions,,Qubes OS,https://qubes-os.org/,Desktop environment built atop the Xen hypervisor project that runs each end-user program in its own virtual machine intended to provide strict security controls to constrain the reach of any successful malware exploit.,,,,293
Phishing awareness and reporting,,CertSpotter,https://github.com/SSLMate/certspotter,Certificate Transparency log monitor from SSLMate that alerts you when a SSL/TLS certificate is issued for one of your domains.,,1176,2026-09-13,299
Phishing awareness and reporting,,Gophish,https://getgophish.com/,"Powerful, open-source phishing framework that makes it easy to test your organization's exposure to phishing.",,,,300
Phishing awareness and reporting,,King Phisher,https://github.com/securestate/king-phisher,Tool for testing and promoting user awareness by simulating real world phishing attacks.,,2592,2026-08-04,301
Phishing awareness and reporting,,NotifySecurity,https://github.com/certsocietegenerale/NotifySecurity,Outlook add-in used to help your users to report suspicious e-mails to security teams.,,132,,302
Phishing awareness and reporting,,Phishing Intelligence Engine (PIE),https://github.com/LogRhythm-Labs/PIE,Framework that will assist with the detection and response to phishing attacks.,,179,2020-04-13,303
Phishing awareness and reporting,,Swordphish,https://github.com/certsocietegenerale/swordphish-awareness,Platform allowing to create and manage (fake) phishing campaigns intended to train people in identifying suspicious mails.,,226,2024-09-22,304
Phishing awareness and reporting,,mailspoof,https://github.com/serain/mailspoof,Scans SPF and DMARC records for issues that could allow email spoofing.,,137,2022-12-08,305
Phishing awareness and reporting,,phishing_catcher,https://github.com/x0rz/phishing_catcher,Configurable script to watch for issuances of suspicious TLS certificates by domain name in the Certificate Transparency Log (CTL) using the CertStream service.,,1823,2024-08-13,306
Preparedness training and wargaming,,APTSimulator,https://github.com/NextronSystems/APTSimulator,Toolset to make a system look as if it was the victim of an APT attack.,,2771,2025-09-23,312
Preparedness training and wargaming,,Atomic Red Team,https://atomicredteam.io/,"Library of simple, automatable tests to execute for testing security controls.",,,,313
Preparedness training and wargaming,,BadBlood,https://www.secframe.com/badblood/,Fills a test (non-production) Windows Domain with data that enables security analysts and engineers to practice using tools to gain an understanding and prescribe to securing Active Directory.,,,,314
Preparedness training and wargaming,,Caldera,https://caldera.mitre.org/,"Scalable, automated, and extensible adversary emulation platform developed by MITRE.",,,,315
Preparedness training and wargaming,,Drool,https://www.dns-oarc.net/tools/drool,"Replay DNS traffic from packet capture files and send it to a specified server, such as for simulating DDoS attacks on the DNS and measuring normal DNS querying.",,,,316
Preparedness training and wargaming,,DumpsterFire,https://github.com/TryCatchHCF/DumpsterFire,"Modular, menu-driven, cross-platform tool for building repeatable, time-delayed, distributed security events for Blue Team drills and sensor/alert mapping.",,1041,2020-05-27,317
Preparedness training and wargaming,,Infection Monkey,https://www.guardicore.com/infectionmonkey/,source breach and attack simulation (BAS) platform that helps you validate existing controls and identify how attackers might exploit your current network security gaps.,Open,,,318
Preparedness training and wargaming,,Metta,https://github.com/uber-common/metta,Automated information security preparedness tool to do adversarial simulation.,,1146,2019-04-01,319
Preparedness training and wargaming,,Network Flight Simulator (flightsim),https://github.com/alphasoc/flightsim,Utility to generate malicious network traffic and help security teams evaluate security controls and audit their network visibility.,,1365,2024-04-04,320
Preparedness training and wargaming,,RedHunt OS,https://github.com/redhuntlabs/RedHunt-OS,Ubuntu-based Open Virtual Appliance (`.ova`) preconfigured with several threat emulation tools as well as a defender's toolkit.,,1320,2025-01-22,321
Preparedness training and wargaming,,Stratus Red Team,https://stratus-red-team.cloud/,"Emulate offensive attack techniques in a granular and self-contained manner against a cloud environment; think ""Atomic Red Team™"" for the cloud.",,,,322
Preparedness training and wargaming,,tcpreplay,https://tcpreplay.appneta.com/,Suite of free Open Source utilities for editing and replaying previously captured network traffic originally designed to replay malicious traffic patterns to Intrusion Detection/Prevention Systems.,,,,323
Preparedness training and wargaming,,RedEye,https://cisagov.github.io/RedEye/,"Analytic tool to assist both Red and Blue teams with visualizing and reporting command and control activities, replay and demonstrate attack paths, and more clearly communicate remediation recommendations to stakeholders.",,,,327
Security configurations,,Bunkerized-nginx,https://github.com/bunkerity/bunkerized-nginx,Docker image of an NginX configuration and scripts implementing many defensive techniques for Web sites.,,10994,2026-09-23,333
Security monitoring,,Crossfeed,https://docs.crossfeed.cyber.dhs.gov/,Continuously enumerates and monitors an organization’s public-facing attack surface in order to discover assets and flag potential security flaws.,,,,337
Security monitoring,,Starbase,https://github.com/JupiterOne/starbase,Collects assets and relationships from services and systems into an intuitive graph view to offer graph-based security analysis for everyone.,,362,2026-02-19,338
Security monitoring,,Wazuh,https://wazuh.com/,"source, multiplatform agent-based security monitoring based on a fork of OSSEC HIDS.",Open,,,342
Security monitoring,,Arkime,https://github.com/arkime/arkime,"Augments your current security infrastructure to store and index network traffic in standard PCAP format, providing fast, indexed access.",,7473,2026-09-22,348
Security monitoring,,ChopShop,https://github.com/MITRECND/chopshop,Framework to aid analysts in the creation and execution of pynids-based decoders and detectors of APT tradecraft.,,494,,349
Security monitoring,,Maltrail,https://github.com/stamparm/maltrail,Malicious network traffic detection system.,,8609,2026-09-21,350
Security monitoring,,OwlH,https://www.owlh.net/,"Helps manage network IDS at scale by visualizing Suricata, Zeek, and Moloch life cycles.",,,,351
Security monitoring,,Real Intelligence Threat Analysis (RITA),https://github.com/activecm/rita,"source framework for network traffic analysis that ingests Zeek logs and detects beaconing, DNS tunneling, and more.",Open,640,2026-06-17,352
Security monitoring,,Respounder,https://github.com/codeexpress/respounder,Detects the presence of the Responder LLMNR/NBT-NS/MDNS poisoner on a network.,,323,2019-06-15,353
Security monitoring,,Snort,https://snort.org/,"Widely-deployed, Free Software IPS capable of real-time packet analysis, traffic logging, and custom rule-based triggers.",,,,354
Security monitoring,,SpoofSpotter,https://github.com/NetSPI/SpoofSpotter,Catch spoofed NetBIOS Name Service (NBNS) responses and alert to an email or log file.,,51,2018-06-13,355
Security monitoring,,Stenographer,https://github.com/google/stenographer,Full-packet-capture utility for buffering packets to disk for intrusion detection and incident response purposes.,,1796,,356
Security monitoring,,Suricata,https://suricata-ids.org/,"Free, cross-platform, IDS/IPS with on- and off-line analysis modes and deep packet inspection capabilities that is also scriptable with Lua.",,,,357
Security monitoring,,Tsunami,https://github.com/google/tsunami-security-scanner,General purpose network security scanner with an extensible plugin system for detecting high severity vulnerabilities with high confidence.,,8618,2026-06-23,358
Security monitoring,,VAST,https://github.com/tenzir/vast,Free and open-source network telemetry engine for data-driven security investigations.,,761,2026-09-23,359
Security monitoring,,Wireshark,https://www.wireshark.org,Free and open-source packet analyzer useful for network troubleshooting or forensic netflow analysis.,,,,360
Security monitoring,,Zeek,https://zeek.org/,"Powerful network analysis framework focused on security monitoring, formerly known as Bro.",,,,361
Security monitoring,,netsniff-ng,http://netsniff-ng.org/,"Free and fast GNU/Linux networking toolkit with numerous utilities such as a connection tracking tool (`flowtop`), traffic generator (`trafgen`), and autonomous system (AS) trace route utility (`astraceroute`).",,,,362
Security monitoring,,AlienVault OSSIM,https://www.alienvault.com/open-threat-exchange/projects,"Single-server open source SIEM platform featuring asset discovery, asset inventorying, behavioral monitoring, and event correlation, driven by AlienVault Open Threat Exchange (OTX).",,,,366
Security monitoring,,Prelude SIEM OSS,https://www.prelude-siem.org/,"source, agentless SIEM with a long history and several commercial variants featuring security event collection, normalization, and alerting from arbitrary log input and numerous popular monitoring tools.",Open,,,367
Security monitoring,,Icinga,https://icinga.com/,"Modular redesign of Nagios with pluggable user interfaces and an expanded set of data connectors, collectors, and reporting tools.",,,,373
Security monitoring,,Locust,https://locust.io/,source load testing tool in which you can define user behaviour with Python code and swarm your system with millions of simultaneous users.,Open,,,374
Security monitoring,,Nagios,https://nagios.org,Popular network and service monitoring solution and reporting platform.,,,,375
Security monitoring,,OpenNMS,https://opennms.org/,"Free and feature-rich networking monitoring system supporting multiple configurations, a variety of alerting mechanisms (email, XMPP, SMS), and numerous data collection methods (SNMP, HTTP, JDBC, etc).",,,,376
Security monitoring,,osquery,https://github.com/facebook/osquery,"Operating system instrumentation framework for macOS, Windows, and Linux, exposing the OS as a high-performance relational database that can be queried with a SQL-like syntax.",,23587,2026-09-22,377
Security monitoring,,Zabbix,https://www.zabbix.com/,"Mature, enterprise-level platform to monitor large-scale IT environments.",,,,378
Security monitoring,,CimSweep,https://github.com/PowerShellMafia/CimSweep,Suite of CIM/WMI-based tools enabling remote incident response and hunting operations across all versions of Windows.,,657,2019-08-19,386
Security monitoring,,DeepBlueCLI,https://github.com/sans-blue-team/DeepBlueCLI,PowerShell module for hunt teaming via Windows Event logs.,,2428,2023-10-14,387
Security monitoring,,GRR Rapid Response,https://github.com/google/grr,Incident response framework focused on remote live forensics consisting of a Python agent installed on assets and Python-based server infrastructure enabling analysts to quickly triage attacks and perform analysis remotely.,,5089,2026-05-12,388
Security monitoring,,Hunting ELK (HELK),https://github.com/Cyb3rWard0g/HELK,"All-in-one Free Software threat hunting stack based on Elasticsearch, Logstash, Kafka, and Kibana with various built-in integrations for analytics including Jupyter Notebook.",,3928,2024-06-01,389
Security monitoring,,Logging Made Easy (LME),https://www.cisa.gov/resources-tools/services/logging-made-easy,Free and open logging and protective monitoring solution serving.,,,,390
Security monitoring,,MozDef,https://github.com/mozilla/MozDef,Automate the security incident handling process and facilitate the real-time activities of incident handlers.,,2159,,391
Security monitoring,,PSHunt,https://github.com/Infocyte/PSHunt,PowerShell module designed to scan remote endpoints for indicators of compromise or survey them for more comprehensive information related to state of those systems.,,293,,392
Security monitoring,,PSRecon,https://github.com/gfoss/PSRecon,PSHunt-like tool for analyzing remote Windows systems that also produces a self-contained HTML report of its findings.,,495,2017-07-29,393
Security monitoring,,PowerForensics,https://github.com/Invoke-IR/PowerForensics,All in one PowerShell-based platform to perform live hard disk forensic analysis.,,1444,2023-11-16,394
Security monitoring,,Redline,https://www.fireeye.com/services/freeware/redline.html,"Freeware endpoint auditing and analysis tool that provides host-based investigative capabilities, offered by FireEye, Inc.",,,,395
Security monitoring,,rastrea2r,https://github.com/rastrea2r/rastrea2r,Multi-platform tool for triaging suspected IOCs on many endpoints simultaneously and that integrates with antivirus consoles.,,238,2021-08-01,396
Threat intelligence,,AttackerKB,https://attackerkb.com/,Free and public crowdsourced vulnerability assessment platform to help prioritize high-risk patch application and combat vulnerability fatigue.,,,,402
Threat intelligence,,DATA,https://github.com/hadojae/DATA,Credential phish analysis and automation tool that can accept suspected phishing URLs directly or trigger on observed network traffic containing such a URL.,,99,2018-08-22,403
Threat intelligence,,Forager,https://github.com/opensourcesec/Forager,Multi-threaded threat intelligence gathering built with Python3 featuring simple text-based configuration and data storage for ease of use and data portability.,,178,2018-01-23,404
Threat intelligence,,GRASSMARLIN,https://github.com/nsacyber/GRASSMARLIN,"Provides IP network situational awareness of industrial control systems (ICS) and Supervisory Control and Data Acquisition (SCADA) by passively mapping, accounting for, and reporting on your ICS/SCADA network topology and endpoints.",,1058,,405
Threat intelligence,,MLSec Combine,https://github.com/mlsecproject/combine,"Gather and combine multiple threat intelligence feed sources into one customizable, standardized CSV-based format.",,654,2019-03-14,406
Threat intelligence,,Malware Information Sharing Platform and Threat Sharing (MISP),https://misp-project.org/,"source software solution for collecting, storing, distributing and sharing cyber security indicators.",Open,,,407
Threat intelligence,,Open Source Vulnerabilities (OSV),https://osv.dev/,Vulnerability database and triage infrastructure for open source projects aimed at helping both open source maintainers and consumers of open source.,,,,408
Threat intelligence,,Sigma,https://github.com/Neo23x0/sigma,"Generic signature format for SIEM systems, offering an open signature format that allows you to describe relevant log events in a straightforward manner.",,11081,2026-09-22,409
Threat intelligence,,Threat Bus,https://github.com/tenzir/threatbus,Threat intelligence dissemination layer to connect security tools through a distributed publish/subscribe message broker.,,270,,410
Threat intelligence,,ThreatIngestor,https://github.com/InQuest/ThreatIngestor,"Extendable tool to extract and aggregate IOCs from threat feeds including Twitter, RSS feeds, or other sources.",,931,2026-05-26,411
Threat intelligence,,Unfetter,https://nsacyber.github.io/unfetter/,Identifies defensive gaps in security posture by leveraging Mitre's ATT&CK framework.,,,,412
Threat intelligence,,Viper,https://github.com/viper-framework/viper,Binary analysis and management framework enabling easy organization of malware and exploit samples.,,1561,,413
Threat intelligence,,YARA,https://github.com/VirusTotal/yara,"Tool aimed at (but not limited to) helping malware researchers to identify and classify malware samples, described as ""the pattern matching swiss army knife"" for file patterns and signatures.",,9886,2026-09-23,414
Threat intelligence,,HASSH,https://github.com/salesforce/hassh,Network fingerprinting standard which can be used to identify specific client and server SSH implementations.,,554,,418
Threat intelligence,,JA3,https://ja3er.com/,Extracts SSL/TLS handshake settings for fingerprinting and communicating about a given TLS implementation.,,,,419
Threat intelligence,,ESET's Malware IoCs,https://github.com/eset/malware-ioc,Indicators of Compromises (IOCs) derived from ESET's various investigations.,,1984,2026-09-17,423
Threat intelligence,,FireEye's Red Team Tool Countermeasures,https://github.com/fireeye/red_team_tool_countermeasures,"Collection of Snort and YARA rules to detect attacks carried out with FireEye's own Red Team tools, first released after FireEye disclosed a breach in December 2020.",,2665,,424
Threat intelligence,,FireEye's Sunburst Countermeasures,https://github.com/fireeye/sunburst_countermeasures,Collection of IoC in various languages for detecting backdoored SolarWinds Orion NMS activities and related vulnerabilities.,,562,,425
Threat intelligence,,YARA Rules,https://github.com/Yara-Rules/rules,"Project covering the need for IT security researchers to have a single repository where different Yara signatures are compiled, classified and kept as up to date as possible.",,4898,2024-04-17,426
Tor Onion service defenses,,OnionBalance,https://onionbalance.readthedocs.io/,Provides load-balancing while also making Onion services more resilient and reliable by eliminating single points-of-failure.,,,,432
Tor Onion service defenses,,Vanguards,https://github.com/mikeperry-tor/vanguards,Version 3 Onion service guard discovery attack mitigation script (intended for eventual inclusion in Tor core).,,247,2024-07-06,433
Transport-layer defenses,,Certbot,https://certbot.eff.org/,Free tool to automate the issuance and renewal of TLS certificates from the LetsEncrypt Root CA with plugins that configure various Web and e-mail server software.,,,,437
Transport-layer defenses,,MITMEngine,https://github.com/cloudflare/mitmengine,Golang library for server-side detection of TLS interception events.,,812,,438
Transport-layer defenses,,Tor,https://torproject.org/,"Censorship circumvention and anonymizing overlay network providing distributed, cryptographically verified name services (`.onion` domains) to enhance publisher privacy and service availability.",,,,439
Transport-layer defenses,,Firezone,https://www.firezone.dev/,Self-hosted VPN server built on WireGuard that supports MFA and SSO.,,,,443
Transport-layer defenses,,Headscale,https://github.com/juanfont/headscale,"source, self-hosted implementation of the Tailscale control server.",Open,44054,2026-09-23,444
Transport-layer defenses,,IPsec VPN Server Auto Setup Scripts,https://github.com/hwdsl2/setup-ipsec-vpn,"Scripts to build your own IPsec VPN server, with IPsec/L2TP, Cisco IPsec and IKEv2.",,28551,2026-09-21,445
Transport-layer defenses,,Innernet,https://github.com/tonarino/innernet,"Free Software private network system that uses WireGuard under the hood, made to be self-hosted.",,5553,2026-07-28,446
Transport-layer defenses,,Nebula,https://github.com/slackhq/nebula,"Completely open source and self-hosted, scalable overlay networking tool with a focus on performance, simplicity, and security, inspired by tinc.",,18374,2026-09-22,447
Transport-layer defenses,,OpenVPN,https://openvpn.net/,Longstanding Free Software traditional SSL/TLS-based virtual private network.,,,,448
Transport-layer defenses,,OpenZITI,https://openziti.github.io/,"source initiative focused on bringing Zero Trust to any application via an overlay network, tunelling applications, and numerous SDKs.",Open,,,449
Transport-layer defenses,,Tailscale,https://tailscale.com/,Managed freemium mesh VPN service built on top of WireGuard.,,,,450
Transport-layer defenses,,WireGuard,https://www.wireguard.com/,Extremely simple yet fast and modern VPN that utilizes state-of-the-art cryptography.,,,,451
Transport-layer defenses,,tinc,https://tinc-vpn.org/,"Free Software mesh VPN implemented entirely in userspace that supports expandable network space, bridged ethernet segments, and more.",,,,452
macOS-based defenses,,BlockBlock,https://objective-see.com/products/blockblock.html,"Monitors common persistence locations and alerts whenever a persistent component is added, which helps to detect and prevent malware installation.",,,,458
macOS-based defenses,,LuLu,https://objective-see.com/products/lulu.html,Free macOS firewall.,,,,459
macOS-based defenses,,Santa,https://github.com/google/santa,Keep track of binaries that are naughty or nice in an allow/deny-listing system for macOS.,,4506,,460
macOS-based defenses,,Stronghold,https://github.com/alichtman/stronghold,Easily configure macOS security settings from the terminal.,,1191,2025-02-24,461
macOS-based defenses,,macOS Fortress,https://github.com/essandess/macOS-Fortress,"Automated configuration of kernel-level, OS-level, and client-level security features including privatizing proxying and anti-virus scanning for macOS.",,450,2021-11-24,462
Windows-based defenses,,CobaltStrikeScan,https://github.com/Apr4h/CobaltStrikeScan,Scan files or process memory for Cobalt Strike beacons and parse their configuration.,,917,2021-08-19,468
Windows-based defenses,,HardenTools,https://github.com/securitywithoutborders/hardentools,Utility that disables a number of risky Windows features.,,3110,2025-08-10,469
Windows-based defenses,,NotRuler,https://github.com/sensepost/notruler,Detect both client-side rules and VBScript enabled forms used by the Ruler attack tool when attempting to compromise a Microsoft Exchange server.,,96,2017-10-11,470
Windows-based defenses,,Sandboxie,https://www.sandboxie.com/,Free and open source general purpose Windows application sandboxing utility.,,,,471
Windows-based defenses,,Sigcheck,https://docs.microsoft.com/en-us/sysinternals/downloads/sigcheck,Audit a Windows host's root certificate store against Microsoft's Certificate Trust List (CTL).,,,,472
Windows-based defenses,,Sticky Keys Slayer,https://github.com/linuz/Sticky-Keys-Slayer,"Establishes a Windows RDP session from a list of hostnames and scans for accessibility tools backdoors, alerting if one is discovered.",,348,2018-03-16,473
Windows-based defenses,,Windows Secure Host Baseline,https://github.com/nsacyber/Windows-Secure-Host-Baseline,"Group Policy objects, compliance checks, and configuration tools that provide an automated and flexible approach for securely deploying and maintaining the latest releases of Windows 10.",,1587,,474
Windows-based defenses,,WMI Monitor,https://github.com/realparisi/WMI_Monitor,Log newly created WMI consumers and processes to the Windows Application event log.,,123,2018-02-28,475
Windows-based defenses,,Active Directory Control Paths,https://github.com/ANSSI-FR/AD-control-paths,"Visualize and graph Active Directory permission configs (""control relations"") to audit questions such as ""Who can read the CEO's email?"" and similar.",,675,,479
Windows-based defenses,,PingCastle,https://www.pingcastle.com/,Active Directory vulnerability detection and reporting tool.,,,,480
Windows-based defenses,,PlumHound,https://github.com/PlumHound/PlumHound,More effectively use BloodHoundAD in continual security life-cycles by utilizing its pathfinding engine to identify Active Directory security vulnerabilities.,,1318,2025-11-15,481
